{"CycleGAN": {"buildings": 12.547759056091309, "green": 4.06013298034668, "roads": 7.429745197296143, "water": 2.2637457847595215}}