{
  "L_G": [
    2.68930713758401,
    1.554499072386018
  ],
  "L_C": [
    9.91749207516934,
    5.12563445889358
  ],
  "L_IDT": [
    0.0,
    0.0
  ],
  "L_D": [
    0.36466926732595933,
    0.0
  ]
}